{
  "project_info": {
    "project_number": "615313844745",
    "project_id": "recipe-book-3913b",
    "storage_bucket": "recipe-book-3913b.appspot.com"
  },
  "client": [
    {
      "client_info": {
        "mobilesdk_app_id": "1:615313844745:android:830f3f539d70f9a6ffa6d8",
        "android_client_info": {
          "package_name": "com.example.recipebook"
        }
      },
      "oauth_client": [
        {
          "client_id": "615313844745-ti410pt8794lke99nbtdg3ov8e2on70k.apps.googleusercontent.com",
          "client_type": 3
        }
      ],
      "api_key": [
        {
          "current_key": "AIzaSyDdsuLcWQs0KAhq8vIePutP-qagS8sPAWo"
        }
      ],
      "services": {
        "appinvite_service": {
          "other_platform_oauth_client": [
            {
              "client_id": "615313844745-ti410pt8794lke99nbtdg3ov8e2on70k.apps.googleusercontent.com",
              "client_type": 3
            }
          ]
        }
      }
    }
  ],
  "configuration_version": "1"
}